Sequence,Ionization,IonBool,
WCTISQPEWFK,2600.374623,1
WQWR,3455.75361087,1
LGAPSITCVR,0,0
AFALECIR,1706.8674365,1
ADAVTLDGGMVFEAGR,0,0
LRPVAAEIYGTK,1881.24986636,1
ESPQTHYYAVAVVK,0,0
GSNFQLDQLQGR,2750.09673582,1
SCHTGLGR,0,0
SAGWIIPMGILRPYLSWTESLEPLQGAVAK,504.69963736,1
FFSASCVPCIDR,3432.05467584,1
QAYPNLCQLCK,0,0
GEGENQCACSSR,0,0
EPYFGYSGAFK,2212.83170993,1
CLQDGAGDVAFVK,0,0
ETTVFENLPEK,0,0
DQYELLCLNNSR,0,0
APVDAFK,0,0
ECHLAQVPSHAVVAR,0,0
EDLIWK,0,0
SFQLFGSPPGQR,13700.91282067,1
DSALGFLR,2508.67854103,1
VDSALYLGSR,0,0
YLTTLK,0,0
ETAEEVK,0,0
VVWCAVGPEEQK,2255.08514889,1
CQQWSQQSGQNVTCATASTTDDCIVLVLK,536.95897765,1
GEADALNLDGGYIYTAGK,0,0
CGLVPVLAENR,1530.21409381,1
HSSLDCVLRPTEGYLAVAVVK,4674.1707186,1
ANEGLTWNSLK,0,0
SCHTAVDR,0,0
TAGWNIPMGLIVNQTGSCAFDEFFSQSCAPGADPK,0,0
LCALCAGDDQGLDK,0,0
YYGYTGAFR,5027.24489822,1
CLAEDVGDVAFVK,0,0
NDTVWENTNGESTADWAK,0,0
LLCLDGTR,0,0
KPVTEAQSCHLAVAPNHAVVSR,1519.72820481,1
QVLLHQQALFGK,0,0
FCLFK,0,0
NLLFNDNTECLAK,0,0
LGGRPTYEEYLGTEYVTAIANLK,6776.69827226,1
CSTSPLLEACAFLTR,2076.78873416,1
WVTFISLLLLFSSAYSR,0,0
SEIAHR,9879.00733359,1
DLGEEHFK,0,0
GLVLIAFSQYLQQCPFDEHVK,0,0
LVNELTEFAK,0,0
TCVADESHAGCEK,0,0
SLHTLFGDELCK,0,0
ETYGDMADCCEK,4884.14800202,1
QEPER,0,0
NECFLSHK,0,0
DDSPDLPK,0,0
LKPDPNTLCDEFK,0,0
YLYEIAR,21627.6285028,1
HPYFYAPELLYYANK,0,0
YNGVFQECCQAEDK,0,0
GACLLPK,0,0
VLASSAR,4356.16597594,1
AWSVAR,17796.09054494,1
AEFVEVTK,0,0
LVTDLTK,0,0
ECCHGDLLECADDR,0,0
YICDNQDTISSK,0,0
ECCDKPLLEK,0,0
SHCIAEVEK,0,0
DAIPENLPPLTADFAEDK,0,0
NYQEAK,0,0
DAFLGSFLYEYSR,3325.53204329,1
HPEYAVSVLLR,0,0
EYEATLEECCAK,0,0
DDPHACYSTVFDK,0,0
HLVDEPQNLIK,4385.92305502,1
QNCDQFEK,0,0
LGEYGFQNALIVR,4884.14800202,1
VPQVSTPTLVEVSR,0,0
CCTKPESER,0,0
MPCTEDYLSLILNR,0,0
LCVLHEK,0,0
TPVSEK,0,0
CCTESLVNR,0,0
RPCFSALTPDETYVPK,0,0
LFTFHADICTLPDTEK,0,0
QTALVELLK,0,0
ATEEQLK,0,0
TVMENFVAFVDK,0,0
CCAADDK,0,0
EACFAVEGPK,0,0
LVVSTQTALA,0,0
LHTGDFPNPNDAYK,0,0
NLINLKPAIEAGYTGR,4652.70247788,1
GVEVGIVDTGESVGSISFPELYGR,0,0
EHGYNENYK,0,0
NYTAYMR,0,0
EAPEDGGGK,0,0
DIEASFDDEAVIETEAKPTDIR,0,0
EIGHIDLVSHIIGGR,5412.42537781,1
SVDGRPAGGIAPDATLHIMNTNDETK,0,0
NEMMVAAIR,0,0
IVNNSFGTTSR,0,0
AGTADLFQIANSEEQYR,8827.16944192,1
QALLDYSGGDK,0,0
TDEGIR,0,0
LMQQSDYGNLSYHIR,830.44478182,1
NMLFIFSTGNDAQAQPNTYALLPFYEK,0,0
GIITVAGVDR,0,0
EMYGEPGTEPLEYGSNHCGITAMWCLSAPYEASVR,0,0
TNPIQIAGTSFSAPIVTGTAALLLQK,814.81290338,1
YPWMSNDNLR,1373.82366886,1
TTLLTTAQDIGAVGVDSK,0,0
FGWGLLDAGK,1207.09810035,1
AMNGPASFPFGDFTADTK,0,0
GTSDIAYSFR,1120.6565364,1
NDISGTGGLIK,0,0
GGSQLQLHGNNTYTGK,0,0
TIIEGGSLVLYGNNK,0,0
GALIYNGAASGGSLNSDGIVYLADTDQSGANETVHIK,814.60035369,1
GSLQLDGK,0,0
GTLYTR,0,0
VDGTAIIGGK,0,0
LYMSAR,0,0
GAGYLNSTGR,0,0
VPFLSAAK,0,0
IGQDYSFFTNIETDGGLLASLDSVEK,1194.09803394,1
TAGSEGDTLSYYVR,2702.22519244,1
TASAAAHSAPAGLK,0,0
HAVEQGGSNLENLMVELDASESSATPETVETAAADR,0,0
TDMPGIRPYGATFR,0,0
AAAAVQHANAADGVR,0,0
IFNSLALALVPR,5038.03041635,1
GSSAHHHHHHHHHH,0,0
MAEQNGK,0,0
IAENAETTNK,0,0
STKPTK,0,0
DQIEFAK,0,0
DLSDLIATYPNSK,0,0
VLAGYVDVK,0,0
EYAEDDLK,0,0
ELLNALDVAEER,0,0
ANATEDILNILITGDK,0,0
TDNEDNLK,0,0
EFLVQSPLVQSTTNHTQEQLAIAR,0,0
AQLETEK,0,0
QDLEELLATFVIGNEILGDEDGEEIDAK,0,0
AQIIDK,0,0
NAYTEDK,0,0
LLIEQLK,0,0
AEDEETTAK,0,0
LVEFLAK,0,0
FDGENMANLTAYLPALVPR,0,0
GSSALHTGDFPNPNDAYK,0,0
MYVELTQDK,0,0
AVNPAQK,0,0
SQVLSLVNFGNVDQLQLGDHTITLLPQEAGK,3188.79778439,1
TTQQSVK,0,0
LPTGQTAVITSFGSSDGVLR,0,0
TGLYLLGER,4548.13020256,1
TPVSQVPVQGQANYQGTWHGR,0,0
IGHHWQSQAGYGEYDGK,8157.65111821,1
FEVDFGTK,0,0
QLTGTLTEK,0,0
SGIEPAFNLK,0,0
ATINGNGFSGTATSR,0,0
SNGIYLDEGR,1477.98551158,1
QQNQQILTVESNNLTGAFYGENAK,5146.08220376,1
HLGGSFSFEK,0,0
TLNDDETVVGGAVFYGTR,0,0
EVDAAAELALVPR,0,0
